cookie,1
remove,1
plus,0
web,1
requires,0
developed,0
comply,1
comply,1
marketing,0
directive,0
sending,1
foundation,0
check,1
chrome,1
default,1
internet,1
explorer,0
protection,1
your,0
requests,1
block,1
machine,1
decide,0
websites,1
location,1
abuse,1
code,1
tastes,0
download,1
onto,0
relating,0
relating,0
aim,0
trading,0
profiles,1
web,1
pr,0
internet,1
it's,0
computers,1
regulations,1
it.,0
campaigns,1
an,0
monitor,0
(pdf),0
deals,0
tracks,1
owned,1
aggregated,0
adverts,1
records,1
however,0
advertising,1
explains,0
prompted,0
database,1
testing,0
proceedings,0
its,0
phorm,1
commercial,0
bought,0
placed,0
ico,0
cookies,1
tool,1
potentially,1
appropriate,0
register,0
an,0
purposes,0
cookies,1
intrusive,1
more,0
click,1
interests,0
apple's,1
doubleclick,1
blow,0
explain,0
links,1
businesses,0
advertisers,1
revenues,1
sell,1
organisations,0
concluded,0
considering,0
clicked,1
rely,1
button,0
web,1
log,1
-,0
note,0
monitoring,1
"if,0",
telecoms,0
2000,0
kent,0
adware,1
subsequently,0
advert,0
install,1
behavioural,1
visitors,1
cookies,1
tools,1
mobile,1
electronic,1
third-party,1
choose,0
cookies,1
devices,1
beacons,0
informed,0
yahoo,1
delete,1
crucial,0
collected,1
uk's,0
explicit,0
collection,1
targeting,1
understood,0
names,0
request,1
further,0
visits,1
obtained,1
products,1
(ripa),0
phorm,1
phorm's,1
trials,1
webwise,1
your,0
anonymous,1
cookie,1
simon,0
useful,0
types,1
preferences,1
networks,1
safari,1
rely,0
provider,1
-,0
individuals,1
web,1
snooping,1
google's,1
blog,1
publishers,0
partners,0
commissioner's,0
privacy,1
serve,0
technologies,1
identifiable,1
understood,0
type,0
guardian's,0
privacy,1
broadband,1
intercept,1
talktalk,1
phorm,1
bt's,0
trackers,1
technical,1
collect,1
analytics,1
logged,1
shopping,0
allows,1
company's,1
internet,1
owners,0
interested,0
commissioner's,0
opt,0
personally,1
id,1
2006,0
amazon,1
specific,1
settings,1
internet,1
ip,1
provides,0
activity,1
visiting,1
update,1
(which,0
product,0
google,1
users,1
exchange,0
consumer,0
notes,0
platform,1
link,1
opt-in,1
illegal,1
trials,1
phorm,1
opt-out,1
text,0
types,0
privacy,1
habits,0
your,0
firefox,1
users',1
type,0
identify,1
personally,0
identifiable,1
campaigners,0
isp,1
powers,0
revenue,0
systems,1
controversial,0
cookies,1
browsers,1
profile,1
interception,1
users,1
unique,1
breach,1
interested,0
user's,1
investigatory,1
investigatory,1
virgin,0
virgin,0
secret,1
phorm,1
ad,1
software,1
tracked,1
laws,1
digital,1
ip,1
search,1
files,1
trial,1
regulation,1
targeted,1
opt,1
internet,1
2006,0
powers,0
consumers,0
detailed,0
traffic,1
isps,1
click,1
providers,0
communications,0
relevant,0
behavioural,1
cookies,1
commissioner,0
behaviour,1
store,1
visited,1
content,1
regulation,1
"we,0",
2007,0
computer,1
stored,0
pages,1
customers,0
adverts,1
protection,1
"the,0",
ads,1
uses,0
advertisers,1
phorm's,1
consent,1
bt,0
cookie,1
browsing,1
targeted,1
tracking,1
user,1
browser,1
sites,1
google,1
phorm,1
cookies,1
websites,1
web,1
users,1
internet,1
advertising,1
privacy,1
